{
    "conf_0.25": {
        "per_class": {
            "BCC": {
                "Precision": 0.9069767441860465,
                "Recall": 0.8158995815899581,
                "F1 Score": 0.8590308370044052,
                "Accuracy": 0.903177004538578
            },
            "AK": {
                "Precision": 0.7444444444444445,
                "Recall": 0.7790697674418605,
                "F1 Score": 0.7613636363636365,
                "Accuracy": 0.9364599092284418
            },
            "BKL": {
                "Precision": 0.8160919540229885,
                "Recall": 0.9102564102564102,
                "F1 Score": 0.8606060606060606,
                "Accuracy": 0.8956127080181543
            },
            "DF": {
                "Precision": 0.6060606060606061,
                "Recall": 0.8333333333333334,
                "F1 Score": 0.7017543859649124,
                "Accuracy": 0.9742813918305597
            },
            "VASC": {
                "Precision": 1.0,
                "Recall": 0.68,
                "F1 Score": 0.8095238095238095,
                "Accuracy": 0.9878971255673222
            },
            "SCC": {
                "Precision": 0.7272727272727273,
                "Recall": 0.4528301886792453,
                "F1 Score": 0.5581395348837209,
                "Accuracy": 0.9425113464447806
            }
        },
        "average": {
            "Precision": 0.6858352108552591,
            "Recall": 0.6387698973286868,
            "F1 Score": 0.6500597520495065,
            "Accuracy": 0.81089258698941
        }
    },
    "conf_0.35": {
        "per_class": {
            "BCC": {
                "Precision": 0.9061032863849765,
                "Recall": 0.8075313807531381,
                "F1 Score": 0.8539823008849559,
                "Accuracy": 0.9001512859304085
            },
            "AK": {
                "Precision": 0.7647058823529411,
                "Recall": 0.7558139534883721,
                "F1 Score": 0.7602339181286549,
                "Accuracy": 0.9379727685325264
            },
            "BKL": {
                "Precision": 0.8210116731517509,
                "Recall": 0.9017094017094017,
                "F1 Score": 0.8594704684317719,
                "Accuracy": 0.8956127080181543
            },
            "DF": {
                "Precision": 0.59375,
                "Recall": 0.7916666666666666,
                "F1 Score": 0.6785714285714286,
                "Accuracy": 0.972768532526475
            },
            "VASC": {
                "Precision": 1.0,
                "Recall": 0.68,
                "F1 Score": 0.8095238095238095,
                "Accuracy": 0.9878971255673222
            },
            "SCC": {
                "Precision": 0.7272727272727273,
                "Recall": 0.4528301886792453,
                "F1 Score": 0.5581395348837209,
                "Accuracy": 0.9425113464447806
            }
        },
        "average": {
            "Precision": 0.6875490813089138,
            "Recall": 0.6270787987566891,
            "F1 Score": 0.6457030657749059,
            "Accuracy": 0.800302571860817
        }
    },
    "conf_0.5": {
        "per_class": {
            "BCC": {
                "Precision": 0.9090909090909091,
                "Recall": 0.7531380753138075,
                "F1 Score": 0.8237986270022882,
                "Accuracy": 0.8835098335854765
            },
            "AK": {
                "Precision": 0.7804878048780488,
                "Recall": 0.7441860465116279,
                "F1 Score": 0.761904761904762,
                "Accuracy": 0.9394856278366112
            },
            "BKL": {
                "Precision": 0.8414634146341463,
                "Recall": 0.8846153846153846,
                "F1 Score": 0.8625,
                "Accuracy": 0.9001512859304085
            },
            "DF": {
                "Precision": 0.6129032258064516,
                "Recall": 0.7916666666666666,
                "F1 Score": 0.6909090909090909,
                "Accuracy": 0.9742813918305597
            },
            "VASC": {
                "Precision": 1.0,
                "Recall": 0.68,
                "F1 Score": 0.8095238095238095,
                "Accuracy": 0.9878971255673222
            },
            "SCC": {
                "Precision": 0.75,
                "Recall": 0.4528301886792453,
                "F1 Score": 0.5647058823529413,
                "Accuracy": 0.9440242057488654
            }
        },
        "average": {
            "Precision": 0.6991350506299365,
            "Recall": 0.6152051945409617,
            "F1 Score": 0.6447631673846989,
            "Accuracy": 0.773071104387292
        }
    },
    "conf_0.65": {
        "per_class": {
            "BCC": {
                "Precision": 0.9281437125748503,
                "Recall": 0.6485355648535565,
                "F1 Score": 0.7635467980295565,
                "Accuracy": 0.8547655068078669
            },
            "AK": {
                "Precision": 0.8108108108108109,
                "Recall": 0.6976744186046512,
                "F1 Score": 0.75,
                "Accuracy": 0.9394856278366112
            },
            "BKL": {
                "Precision": 0.8805309734513275,
                "Recall": 0.8504273504273504,
                "F1 Score": 0.8652173913043478,
                "Accuracy": 0.9062027231467473
            },
            "DF": {
                "Precision": 0.6923076923076923,
                "Recall": 0.75,
                "F1 Score": 0.7199999999999999,
                "Accuracy": 0.9788199697428139
            },
            "VASC": {
                "Precision": 1.0,
                "Recall": 0.68,
                "F1 Score": 0.8095238095238095,
                "Accuracy": 0.9878971255673222
            },
            "SCC": {
                "Precision": 0.7419354838709677,
                "Recall": 0.4339622641509434,
                "F1 Score": 0.5476190476190477,
                "Accuracy": 0.9425113464447806
            }
        },
        "average": {
            "Precision": 0.7219612390022355,
            "Recall": 0.5800856568623575,
            "F1 Score": 0.6365581494966801,
            "Accuracy": 0.7140695915279879
        }
    }
}