{
    "conf_0.25": {
        "per_class": {
            "MEL": {
                "Precision": 0.7392241379310345,
                "Recall": 0.6725490196078432,
                "F1 Score": 0.7043121149897331,
                "Accuracy": 0.9032907991940899
            },
            "MNV": {
                "Precision": 0.8878091872791519,
                "Recall": 0.7808857808857809,
                "F1 Score": 0.8309218685407193,
                "Accuracy": 0.8626595030221625
            },
            "NV": {
                "Precision": 0.7964169381107492,
                "Recall": 0.9403846153846154,
                "F1 Score": 0.8624338624338624,
                "Accuracy": 0.9476158495634655
            },
            "BCC": {
                "Precision": 0.8287037037037037,
                "Recall": 0.7489539748953975,
                "F1 Score": 0.7868131868131869,
                "Accuracy": 0.9674278038952318
            },
            "AK": {
                "Precision": 0.6699029126213593,
                "Recall": 0.8023255813953488,
                "F1 Score": 0.7301587301587301,
                "Accuracy": 0.9828744123572868
            },
            "BKL": {
                "Precision": 0.5928338762214984,
                "Recall": 0.7777777777777778,
                "F1 Score": 0.6728280961182994,
                "Accuracy": 0.9405641370047011
            },
            "DF": {
                "Precision": 0.53125,
                "Recall": 0.7083333333333334,
                "F1 Score": 0.6071428571428571,
                "Accuracy": 0.9926124916051041
            },
            "VASC": {
                "Precision": 0.8421052631578947,
                "Recall": 0.64,
                "F1 Score": 0.7272727272727272,
                "Accuracy": 0.9959704499664204
            },
            "SCC": {
                "Precision": 0.7317073170731707,
                "Recall": 0.5660377358490566,
                "F1 Score": 0.6382978723404255,
                "Accuracy": 0.9885829415715245
            }
        },
        "average": {
            "Precision": 0.6619953336098562,
            "Recall": 0.6637247819129153,
            "F1 Score": 0.6560181315810542,
            "Accuracy": 0.7824042981867025
        }
    },
    "conf_0.35": {
        "per_class": {
            "MEL": {
                "Precision": 0.7428571428571429,
                "Recall": 0.6627450980392157,
                "F1 Score": 0.700518134715026,
                "Accuracy": 0.9029550033579583
            },
            "MNV": {
                "Precision": 0.8909574468085106,
                "Recall": 0.7808857808857809,
                "F1 Score": 0.8322981366459627,
                "Accuracy": 0.8640026863666891
            },
            "NV": {
                "Precision": 0.8023064250411862,
                "Recall": 0.9365384615384615,
                "F1 Score": 0.8642413487133985,
                "Accuracy": 0.9486232370718604
            },
            "BCC": {
                "Precision": 0.8293838862559242,
                "Recall": 0.7322175732217573,
                "F1 Score": 0.7777777777777778,
                "Accuracy": 0.9664204163868368
            },
            "AK": {
                "Precision": 0.6875,
                "Recall": 0.7674418604651163,
                "F1 Score": 0.7252747252747254,
                "Accuracy": 0.9832102081934184
            },
            "BKL": {
                "Precision": 0.5980066445182725,
                "Recall": 0.7692307692307693,
                "F1 Score": 0.6728971962616823,
                "Accuracy": 0.9412357286769644
            },
            "DF": {
                "Precision": 0.53125,
                "Recall": 0.7083333333333334,
                "F1 Score": 0.6071428571428571,
                "Accuracy": 0.9926124916051041
            },
            "VASC": {
                "Precision": 0.8421052631578947,
                "Recall": 0.64,
                "F1 Score": 0.7272727272727272,
                "Accuracy": 0.9959704499664204
            },
            "SCC": {
                "Precision": 0.7317073170731707,
                "Recall": 0.5660377358490566,
                "F1 Score": 0.6382978723404255,
                "Accuracy": 0.9885829415715245
            }
        },
        "average": {
            "Precision": 0.6656074125712101,
            "Recall": 0.6563430612563491,
            "F1 Score": 0.6545720776144582,
            "Accuracy": 0.7770315648085964
        }
    },
    "conf_0.459": {
        "per_class": {
            "MEL": {
                "Precision": 0.7630331753554502,
                "Recall": 0.6313725490196078,
                "F1 Score": 0.6909871244635193,
                "Accuracy": 0.9032907991940899
            },
            "MNV": {
                "Precision": 0.8988149498632635,
                "Recall": 0.7661227661227661,
                "F1 Score": 0.8271812080536912,
                "Accuracy": 0.8616521155137676
            },
            "NV": {
                "Precision": 0.8110367892976589,
                "Recall": 0.9326923076923077,
                "F1 Score": 0.8676207513416816,
                "Accuracy": 0.9503022162525184
            },
            "BCC": {
                "Precision": 0.8578947368421053,
                "Recall": 0.6820083682008368,
                "F1 Score": 0.7599067599067599,
                "Accuracy": 0.9654130288784419
            },
            "AK": {
                "Precision": 0.6774193548387096,
                "Recall": 0.7325581395348837,
                "F1 Score": 0.7039106145251396,
                "Accuracy": 0.9822028206850235
            },
            "BKL": {
                "Precision": 0.6202090592334495,
                "Recall": 0.7606837606837606,
                "F1 Score": 0.6833013435700576,
                "Accuracy": 0.9445936870382807
            },
            "DF": {
                "Precision": 0.5517241379310345,
                "Recall": 0.6666666666666666,
                "F1 Score": 0.6037735849056604,
                "Accuracy": 0.9929482874412358
            },
            "VASC": {
                "Precision": 0.8888888888888888,
                "Recall": 0.64,
                "F1 Score": 0.7441860465116279,
                "Accuracy": 0.996306245802552
            },
            "SCC": {
                "Precision": 0.7297297297297297,
                "Recall": 0.5094339622641509,
                "F1 Score": 0.6,
                "Accuracy": 0.9879113498992612
            }
        },
        "average": {
            "Precision": 0.6798750821980291,
            "Recall": 0.6321538520184979,
            "F1 Score": 0.6480867433278137,
            "Accuracy": 0.7575554063129617
        }
    },
    "conf_0.5": {
        "per_class": {
            "MEL": {
                "Precision": 0.7669172932330827,
                "Recall": 0.6,
                "F1 Score": 0.6732673267326732,
                "Accuracy": 0.9002686366689053
            },
            "MNV": {
                "Precision": 0.9024163568773235,
                "Recall": 0.7544677544677545,
                "F1 Score": 0.8218366483283961,
                "Accuracy": 0.8586299529885829
            },
            "NV": {
                "Precision": 0.8206429780033841,
                "Recall": 0.9326923076923077,
                "F1 Score": 0.8730873087308731,
                "Accuracy": 0.9526527871054399
            },
            "BCC": {
                "Precision": 0.8743169398907104,
                "Recall": 0.6694560669456067,
                "F1 Score": 0.7582938388625592,
                "Accuracy": 0.9657488247145736
            },
            "AK": {
                "Precision": 0.6813186813186813,
                "Recall": 0.7209302325581395,
                "F1 Score": 0.7005649717514124,
                "Accuracy": 0.9822028206850235
            },