                  epoch,         train/box_loss,         train/cls_loss,         train/dfl_loss,   metrics/precision(B),      metrics/recall(B),       metrics/mAP50(B),    metrics/mAP50-95(B),           val/box_loss,           val/cls_loss,           val/dfl_loss,                 lr/pg0,                 lr/pg1,                 lr/pg2
                      1,                0.97577,                 1.6209,                 1.2337,                0.35399,                 0.4367,                0.37881,                0.26709,                0.81026,                 1.0476,                 1.0582,             0.00030264,             0.00030264,             0.00030264
                      2,                0.90567,                 1.2794,                 1.1901,                0.33013,                0.57057,                0.41117,                0.30142,                0.73772,                0.97662,                 1.0332,             0.00048572,             0.00048572,             0.00048572
                      3,                0.87823,                 1.1896,                 1.1735,                0.40172,                0.59573,                0.48709,                0.36211,                0.67277,                0.87917,                 1.0355,             0.00054882,             0.00054882,             0.00054882
                      4,                0.82712,                 1.0851,                 1.1503,                0.52617,                0.53356,                0.52219,                0.37654,                0.68706,                0.78898,                 1.0426,             0.00036905,             0.00036905,             0.00036905
                      5,                0.81437,                 1.0657,                 1.1446,                0.46196,                0.61502,                0.52256,                 0.3827,                0.69828,                 0.8104,                 1.0239,             0.00036905,             0.00036905,             0.00036905
