{
    "conf_0.25": {
        "per_class": {
            "MEL": {
                "Precision": 0.7722007722007722,
                "Recall": 0.7843137254901961,
                "F1 Score": 0.7782101167315175,
                "Accuracy": 0.9015968925334484
            },
            "MNV": {
                "Precision": 0.9204339963833634,
                "Recall": 0.790986790986791,
                "F1 Score": 0.8508148767237778,
                "Accuracy": 0.8459214501510574
            },
            "NV": {
                "Precision": 0.7473524962178517,
                "Recall": 0.95,
                "F1 Score": 0.8365791701947501,
                "Accuracy": 0.9167026327147173
            }
        },
        "average": {
            "Precision": 0.6099968162004968,
            "Recall": 0.6313251291192468,
            "F1 Score": 0.6164010409125114,
            "Accuracy": 0.8252050064738886
        }
    },
    "conf_0.35": {
        "per_class": {
            "MEL": {
                "Precision": 0.7797619047619048,
                "Recall": 0.7705882352941177,
                "F1 Score": 0.7751479289940829,
                "Accuracy": 0.9015968925334484
            },
            "MNV": {
                "Precision": 0.9200726612170754,
                "Recall": 0.7871017871017871,
                "F1 Score": 0.8484087102177554,
                "Accuracy": 0.843763487268019
            },
            "NV": {
                "Precision": 0.7473524962178517,
                "Recall": 0.95,
                "F1 Score": 0.8365791701947501,
                "Accuracy": 0.9167026327147173
            }
        },
        "average": {
            "Precision": 0.611796765549208,
            "Recall": 0.6269225055989762,
            "F1 Score": 0.6150339523516472,
            "Accuracy": 0.8200258955545965
        }
    },
    "conf_0.5": {
        "per_class": {
            "MEL": {
                "Precision": 0.8026315789473685,
                "Recall": 0.7176470588235294,
                "F1 Score": 0.7577639751552795,
                "Accuracy": 0.8990073370738023
            },
            "MNV": {
                "Precision": 0.9251637043966323,
                "Recall": 0.7684537684537684,
                "F1 Score": 0.8395585738539898,
                "Accuracy": 0.8368580060422961
            },
            "NV": {
                "Precision": 0.7503805175038052,
                "Recall": 0.948076923076923,
                "F1 Score": 0.8377230246389125,
                "Accuracy": 0.9175658178679327
            }
        },
        "average": {
            "Precision": 0.6195439502119515,
            "Recall": 0.6085444375885551,
            "F1 Score": 0.6087613934120455,
            "Accuracy": 0.797583081570997
        }
    },
    "conf_0.65": {
        "per_class": {
            "MEL": {
                "Precision": 0.8788732394366198,
                "Recall": 0.611764705882353,
                "F1 Score": 0.7213872832369942,
                "Accuracy": 0.8959861890375486
            },
            "MNV": {
                "Precision": 0.9427312775330396,
                "Recall": 0.6651126651126651,
                "F1 Score": 0.7799544419134397,
                "Accuracy": 0.7915407854984894
            },
            "NV": {
                "Precision": 0.82,
                "Recall": 0.9461538461538461,
                "F1 Score": 0.8785714285714284,
                "Accuracy": 0.9413034095813552
            }
        },
        "average": {
            "Precision": 0.6604011292424148,
            "Recall": 0.555757804287216,
            "F1 Score": 0.5949782884304656,
            "Accuracy": 0.7164436771687527
        }
    }
}